{
  "wordid": {
    "precision": 1.0,
    "recall": 0.9931241526244432,
    "f1-score": 0.9965502162188427,
    "support": 10326,
    "confused_with": {}
  },
  "micro avg": {
    "precision": 1.0,
    "recall": 0.9931241526244432,
    "f1-score": 0.9965502162188427,
    "support": 10326
  },
  "macro avg": {
    "precision": 1.0,
    "recall": 0.9931241526244432,
    "f1-score": 0.9965502162188427,
    "support": 10326
  },
  "weighted avg": {
    "precision": 1.0,
    "recall": 0.9931241526244432,
    "f1-score": 0.9965502162188427,
    "support": 10326
  }
}