{
  "wordid": {
    "precision": 1.0,
    "recall": 0.990122022080186,
    "f1-score": 0.995036496350365,
    "support": 10326,
    "confused_with": {}
  },
  "micro avg": {
    "precision": 1.0,
    "recall": 0.990122022080186,
    "f1-score": 0.995036496350365,
    "support": 10326
  },
  "macro avg": {
    "precision": 1.0,
    "recall": 0.990122022080186,
    "f1-score": 0.995036496350365,
    "support": 10326
  },
  "weighted avg": {
    "precision": 1.0,
    "recall": 0.990122022080186,
    "f1-score": 0.995036496350365,
    "support": 10326
  }
}